{
  "roc_auc": 0.5739872580839043,
  "avg_precision": 0.7532724700352088,
  "report": {
    "0": {
      "precision": 0.45,
      "recall": 0.15254237288135594,
      "f1-score": 0.22784810126582278,
      "support": 59.0
    },
    "1": {
      "precision": 0.7222222222222222,
      "recall": 0.9219858156028369,
      "f1-score": 0.8099688473520249,
      "support": 141.0
    },
    "accuracy": 0.695,
    "macro avg": {
      "precision": 0.5861111111111111,
      "recall": 0.5372640942420964,
      "f1-score": 0.5189084743089238,
      "support": 200.0
    },
    "weighted avg": {
      "precision": 0.6419166666666666,
      "recall": 0.695,
      "f1-score": 0.6382432272565953,
      "support": 200.0
    }
  }
}